{
	"format_version": "1.8.0",
	"animations": {
		"walk_cycle": {
			"loop": true,
			"animation_length": 0.875,
			"bones": {
				"hips": {
					"position": {
						"0.0": {
							"vector": [0, -0.5, 0]
						},
						"0.2083": {
							"vector": [0, -0.1, 0]
						},
						"0.4167": {
							"vector": [0, -0.7, 0]
						},
						"0.625": {
							"vector": [0, -0.1, 0]
						},
						"0.8333": {
							"vector": [0, -0.5, 0]
						}
					}
				},
				"hind_leg_left": {
					"rotation": {
						"0.0": {
							"vector": [-35.95789, 1.54573, 0.19123]
						},
						"0.2083": {
							"vector": [3.28556, 1.29443, -0.48271]
						},
						"0.4167": {
							"vector": [37.529, 1.04314, -1.15666]
						},
						"0.625": {
							"vector": [-23.96444, 1.29443, -0.48271]
						},
						"0.8333": {
							"vector": [-35.95789, 1.54573, 0.19123]
						}
					}
				},
				"hind_leg_left_3": {
					"rotation": {
						"0.0": {
							"vector": [-4.98404, -0.63854, -0.68521]
						},
						"0.2083": {
							"vector": [-13.74569, -0.24452, -0.04812]
						},
						"0.4167": {
							"vector": [-37.50733, 0.14949, 0.58896]
						},
						"0.625": {
							"vector": [-30.74569, -0.24452, -0.04812]
						},
						"0.8333": {
							"vector": [-4.98404, -0.63854, -0.68521]
						}
					}
				},
				"hind_leg_right": {
					"rotation": {
						"0.0": {
							"vector": [37.5, 0, 0]
						},
						"0.2083": {
							"vector": [-22.5, 0, 0],
							"easing": "linear"
						},
						"0.4167": {
							"vector": [-35, 0, 0],
							"easing": "easeInOutSine"
						},
						"0.8333": {
							"vector": [37.5, 0, 0],
							"easing": "easeInOutSine"
						}
					}
				},
				"hind_leg_right_2": {
					"rotation": {
						"0.0": {
							"vector": [-5, 0, 0]
						},
						"0.2083": {
							"vector": [77.5, 0, 0]
						},
						"0.4167": {
							"vector": [37.5, 0, 0]
						},
						"0.625": {
							"vector": [12.5, 0, 0]
						},
						"0.8333": {
							"vector": [-5, 0, 0]
						}
					}
				},
				"hind_leg_right_3": {
					"rotation": {
						"0.0": {
							"vector": [-30, 0, 0]
						},
						"0.2083": {
							"vector": [-31.25, 0, 0]
						},
						"0.4167": {
							"vector": [-2.5, 0, 0]
						},
						"0.8333": {
							"vector": [-30, 0, 0]
						}
					}
				},
				"front_leg_left": {
					"rotation": {
						"0.0": {
							"vector": [23.5, 0, 0]
						},
						"0.2083": {
							"vector": [-9.5, 0, 0]
						},
						"0.4167": {
							"vector": [-27, 0, 0]
						},
						"0.625": {
							"vector": [-3.75, 0, 0]
						},
						"0.8333": {
							"vector": [23.5, 0, 0]
						}
					}
				},
				"front_leg_left_3": {
					"rotation": {
						"0.0": {
							"vector": [-22.5, 0, 0]
						},
						"0.2083": {
							"vector": [3.75, 0, 0]
						},
						"0.4167": {
							"vector": [23.12, 0, 0]
						},
						"0.625": {
							"vector": [1.25, 0, 0]
						},
						"0.8333": {
							"vector": [-22.5, 0, 0]
						}
					}
				},
				"front_leg_right": {
					"rotation": {
						"0.0": {
							"vector": [-27, 0, 0]
						},
						"0.4167": {
							"vector": [24, 0, 0]
						},
						"0.8333": {
							"vector": [-30, 0, 0]
						}
					}
				},
				"front_leg_right_2": {
					"rotation": {
						"0.0": {
							"vector": [-3, 0, 0]
						},
						"0.2083": {
							"vector": [-2.91667, 0, 0]
						},
						"0.4167": {
							"vector": [-0.83333, 0, 0]
						},
						"0.625": {
							"vector": [-27.5, 0, 0]
						},
						"0.8333": {
							"vector": [0, 0, 0]
						}
					}
				},
				"front_leg_right_3": {
					"rotation": {
						"0.0": {
							"vector": [29, 0, 0]
						},
						"0.2083": {
							"vector": [3.75, 0, 0]
						},
						"0.4167": {
							"vector": [-20, 0, 0]
						},
						"0.625": {
							"vector": [5, 0, 0]
						},
						"0.8333": {
							"vector": [30, 0, 0]
						}
					}
				},
				"hind_leg_left_2": {
					"rotation": {
						"0.0": {
							"vector": [40.5, 0, 0]
						},
						"0.2083": {
							"vector": [10.5, 0, 0]
						},
						"0.4167": {
							"vector": [0, 0, 0]
						},
						"0.625": {
							"vector": [78, 0, 0]
						},
						"0.8333": {
							"vector": [40.5, 0, 0]
						}
					}
				},
				"tail_1": {
					"rotation": {
						"0.0": {
							"vector": [0, 2.5, 0]
						},
						"0.2083": {
							"vector": [-5, 0, 0]
						},
						"0.4167": {
							"vector": [2.5, -2.5, 0]
						},
						"0.625": {
							"vector": [-5, 0, 0]
						},
						"0.8333": {
							"vector": [0, 2.5, 0]
						}
					}
				},
				"tail_2": {
					"rotation": {
						"0.0": {
							"vector": [0, 2.5, 0]
						},
						"0.2083": {
							"vector": [0, 0, 0]
						},
						"0.4167": {
							"vector": [0, -2.5, 0]
						},
						"0.625": {
							"vector": [0, 0, 0]
						},
						"0.8333": {
							"vector": [0, 2.5, 0]
						}
					}
				},
				"tail_3": {
					"rotation": {
						"0.0": {
							"vector": [0, 2.5, 0]
						},
						"0.2083": {
							"vector": [0, 0, 0]
						},
						"0.4167": {
							"vector": [0, -2.5, 0]
						},
						"0.625": {
							"vector": [0, 0, 0]
						},
						"0.8333": {
							"vector": [0, 2.5, 0]
						}
					}
				},
				"tail_4": {
					"rotation": {
						"0.0": {
							"vector": [0, 2.5, 0]
						},
						"0.2083": {
							"vector": [0, 0, 0]
						},
						"0.4167": {
							"vector": [0, -7.5, 0]
						},
						"0.625": {
							"vector": [0, 0, 0]
						},
						"0.8333": {
							"vector": [0, 2.5, 0]
						}
					}
				},
				"belly": {
					"rotation": {
						"0.0": {
							"vector": [0, 0, 0]
						},
						"0.125": {
							"vector": [-0.62, 0, 0]
						},
						"0.2083": {
							"vector": [-0.25, 0, 0]
						},
						"0.3333": {
							"vector": [-1.37, 0, 0]
						},
						"0.4167": {
							"vector": [-2.5, 0, 0]
						},
						"0.5417": {
							"vector": [-3.25, 0, 0]
						},
						"0.625": {
							"vector": [-2, 0, 0]
						},
						"0.75": {
							"vector": [-2, 0, 0]
						},
						"0.8333": {
							"vector": [0, 0, 0]
						}
					}
				},
				"neck": {
					"rotation": {
						"0.0": {
							"vector": [0, 0, 0]
						},
						"0.2083": {
							"vector": [5, 0, 0]
						},
						"0.4167": {
							"vector": [2.5, 0, 0]
						},
						"0.625": {
							"vector": [5, 0, 0]
						},
						"0.8333": {
							"vector": [0, 0, 0]
						}
					}
				},
				"head": {
					"rotation": {
						"0.0": {
							"vector": [0, 0, 0]
						},
						"0.2083": {
							"vector": [-2.5, 0, 0]
						},
						"0.4167": {
							"vector": [0, 0, 0]
						},
						"0.625": {
							"vector": [-5, 0, 0]
						},
						"0.8333": {
							"vector": [0, 0, 0]
						}
					}
				},
				"front_leg_left_2": {
					"rotation": {
						"0.0": {
							"vector": [-1, 0, 0]
						},
						"0.2083": {
							"vector": [-26, 0, 0]
						},
						"0.4167": {
							"vector": [5, 0, 0]
						},
						"0.625": {
							"vector": [6.5, 0, 0]
						},
						"0.8333": {
							"vector": [-1, 0, 0]
						}
					}
				}
			}
		}
	},
	"geckolib_format_version": 2
}